Facial Feature,Natural/Behavioral Method,Cosmetic Method,Lifestyle Method
"Jawline Definition","Chewing exercises (e.g., mastic gum)","Reduce body fat percentage","Neck and chin toning exercises"
"Cheekbone Prominence","Contouring makeup techniques","Buccal fat reduction","Facial exercises (e.g., 'O' mouth stretches)"
"Symmetry","Facial massage","Postural correction","Botox for asymmetrical muscles"
"Eye Size","Eyelid tape or lifts","Brightening eye makeup","Address sleep and hydration"
"Eye Spacing","Eyebrow reshaping","Makeup illusions","Nose bridge shaping"
"Canthal Tilt","Blepharoplasty","Upper eyelid exercises","Cosmetic taping"
"Eyebrow Thickness","Eyebrow growth serum","Microblading","Healthy diet with biotin"
"Eyebrow Height","Botox brow lift","Thread lift","Eyebrow shaping"
"Forehead Ratio","Hairstyle adjustment","Botox for forehead lines","Contouring makeup"
"Nasal Bridge Height","Nose filler","Rhinoplasty","Contouring with makeup"
"Nose Width","Nose contouring","Non-surgical filler","Rhinoplasty"
"Nasal Tip Rotation","Rhinoplasty","Facial exercises","Makeup tricks"
"Lip Fullness","Lip plumper","Lip filler","Microneedling with serum"
"Lip Symmetry","Filler correction","Lip exercises","Asymmetry-targeted massage"
"Philtrum Length","Lip lift surgery","Overlining lips","Facial yoga"
"Chin Projection","Chin filler","Chin implant","Posture correction"
"Chin Width","Chin augmentation","Facial exercises","Contouring"
"Mandible Definition","Weight loss","Mewing","Chewing training"
"Zygomatic Arch","Highlighter use","Cheek filler","Buccal fat removal"
"Temple Hollowing","Temple filler","Increase healthy fat","Avoid overcutting weight"
"Eye Hollowness","Tear trough filler","Better sleep","Hydration"
"Eye Bag Visibility","Cold compress","Lower blepharoplasty","Caffeine serum"
"Dark Circles","Retinol cream","Vitamin K serum","Improve sleep quality"
"Eyelash Length","Lash serum","Biotin supplements","Avoid harsh makeup removers"
"Lower Eyelid Curvature","Eyelid filler","Blepharoplasty","Makeup correction"
"Eyebrow Tail Angle","Eyebrow shaping","Microblading","Botox lift"
"Forehead Smoothness","Botox","Microneedling","Retinol use"
"Forehead Height","Adjust hairstyle","Bangs/fringe","Scalp micropigmentation"
"Hairline Shape","Hair transplant","Laser therapy","Rogaine"
"Facial Hair Coverage","Beard oil","Minoxidil","Microneedling beard area"
"Nasolabial Fold Depth","Filler","Facial massage","Collagen boosting treatments"
"Marionette Lines","Filler","Facial exercises","Skin tightening treatments"
"Smile Width","Smile training","Lip exercises","Muscle retraining"
"Tooth Visibility","Orthodontics","Lip lift","Teeth whitening"
"Tooth Alignment","Braces","Invisalign","Retainers"
"Lip Line Definition","Lip liner","Laser treatments","Collagen serums"
"Jaw Width","Masseter Botox","Facial slimming","Chewing device training"
"Submental Fat","Kybella","Fat dissolving injections","Neck tightening"
"Ear Size","Otoplasty","Hairstyle change","Avoid traction damage"
"Ear Projection","Ear pinning surgery","Hairstyling","Tape for photos"
"Skin Texture","Exfoliation","Microneedling","Chemical peels"
"Skin Tone Evenness","Vitamin C serum","Sunscreen","Laser treatments"
"Acne Scarring","Laser resurfacing","Microneedling","Chemical peels"
"Pore Visibility","Niacinamide","Clay masks","Pore blurring primers"
"Oiliness","Salicylic acid","Oil blotting","Mattifying moisturizers"
"Dryness","Hyaluronic acid","Rich moisturizers","Humidifier use"
"Redness","Azelaic acid","Green-tinted primer","Barrier repair cream"
"Pigmentation Spots","Hydroquinone","Laser therapy","Retinol"
"Freckles","Laser lightening","Concealer","Sun protection"
"Smile Line Symmetry","Muscle balancing with Botox","Filler","Facial massage"
"Upper Eyelid Show","Blepharoplasty","Eyelid tape","Eye makeup styling"
"Orbital Frame Width","Makeup shading","Facial fillers","Camera angles"
"Facial Fat Distribution","Targeted fat loss","Facial exercises","Liposculpture"
"Facial Asymmetry","Botox correction","Facial physical therapy","Surgical adjustment"
"Brow Ridge Prominence","Brow bone shaving","Makeup correction","Hair styling"
"Midface Projection","Cheek filler","Orthognathic surgery","Fat grafting"
"Nasal Flare","Alar base reduction","Makeup contouring","Botox for flare"
"Lip Corner Tilt","Smile retraining","Filler at lip corners","Botox to lift corners"
"Chin Cleft","Filler","Implant reshaping","Concealing makeup"
"Cheek Hollow","Fat grafting","Cheek filler","Avoid excessive weight loss"
"Side Profile Harmony","Rhinoplasty","Chin augmentation","Facial balancing"
"Temporal Ridge Sharpness","Chewing tough foods for muscle tone","Temporal filler for definition","Hairstyles with volume at temples"
"Earlobe Shape","Massage to improve circulation","Earlobe reshaping surgery","Avoid heavy earrings to prevent stretching"
"Nasal Tip Definition","Pinching exercises (gentle)","Rhinoplasty or tip refinement","Contouring with matte makeup"
"Cupidâ€™s Bow Clarity","Lip exfoliation + hydration","Lip liner tattooing","Smile hold exercises"
"Tragus Visibility","Ear pinning exercises","Tragus piercing for emphasis","Side-swept hairstyles"
"Mentolabial Fold Depth","Chin massage + hydration","Dermal filler for smoothing","Avoid excessive chin tension"
"Glabella Smoothness","Brow relaxation exercises","Botox for frown lines","Cold globes massage"
"Nasion Depth","Bridge massage","Nasion filler","Highlighting with makeup"
"Cheek Dimples","Smile training (if natural potential)","Dimple creation surgery","Contouring to mimic shadow"
"Lip Border Contrast","Lip scrubs + hydration","Permanent lip blush","Avoid smoking/tanning"
"Jawline Angularity","Mewing (tongue posture)","Jawline filler","Low-body-fat diet"
"Palpebral Fissure Tilt","Eye yoga (upward gaze)","Canthoplasty (surgical tilt)","Winged eyeliner trick"
"Nasal Ala Refinement","Nostril-flaring exercises","Alar base reduction surgery","Blending foundation at edges"
"Philtrum Shadow","Lip lifts (facial yoga)","Philtrum filler","Soft lighting angles"
"Malar Bag Reduction","Cold spoon therapy","Lower blepharoplasty","Sleep on back + elevation"
"Brow Arch Peak","Brow brushing + castor oil","Microblading for shape","Botox brow lift"
"Lip Chin Ratio","Chin tuck exercises","Lip reduction/augmentation","Proportional makeup balancing"
"Infraorbital Hollow","Caffeine eye serum","Tear trough filler","Sleep with extra pillow"
"Lateral Brow Thickness","Castor oil application","Brow transplant","Feathering with brow pencil"
"Columella Show","Nasal tip massage","Columella correction surgery","Highlighting the septum area"
"Cheekbone Shadowing","Contouring with bronzer","Cheekbone filler","Highlighter on high points"
"Jawline Shadow","Neck stretches + posture","Jawline filler","Beard styling for definition"
"Lip Protrusion","Lip suction exercises","Lip reduction surgery","Overlining/underlining tricks"
"Forehead Vein Visibility","Hydration + cooling gel","Laser vein removal","Bangs or fringe coverage"
"Nasal Bridge Shadow","Contour makeup","Nose filler","Avoid harsh side lighting"
"Earlobe Attachment","Massage for flexibility","Earlobe repair surgery","Avoid tight hairstyles"
"Lip Vermilion Border","Exfoliation + plumping gloss","Lip liner tattoo","Avoid excessive lip licking"
"Midface Length","Facial stretching exercises","Orthognathic surgery","Hairstyles with volume on top"
"Brow Tail Gap","Brow growth serum","Microblading to extend tails","Drawing hairs with fine pencil"
"Cheekbone Flush","Facial cupping","Blush placement techniques","Avoid alcohol-induced redness"
"Nasal Tip Droop","Nasal muscle exercises","Rhinoplasty tip lift","Tape for temporary lift"
"Lip Chin Crease","Hydration + massage","Filler to smooth","Avoid repetitive lip pressing"
"Temple Veins","Hydration + gentle massage","Sclerotherapy","Hairstyle coverage"
"Jawline Corners","Jaw clenching exercises","Masseter Botox","Contouring for sharpness"
"Lip Topography","Hydration + plumping","Lip filler for evenness","Avoid straws to prevent lines"
"Forehead Bossing","Hairstyle with fringe","Forehead reduction surgery","Contouring with matte powder"
"Nasal Sidewall Width","Contour makeup","Non-surgical nose job","Avoid wide-angle selfies"
"Lip-Nose Distance","Lip lift exercises","Lip lift surgery","Overlining upper lip"
"Facial Thirds Balance","Posture correction","Fillers for proportionality","Camera angle adjustments"